id,first_name,last_name,email,gender,ip_address
1,Bary,Ducrow,bducrow0@opera.com,Male,80.140.74.161
2,Kinsley,Eadmeads,keadmeads1@sogou.com,Male,219.217.86.0
3,Eldredge,O'Caine,eocaine2@washington.edu,Male,167.247.176.228
4,Pat,Mitchelhill,pmitchelhill3@youtube.com,Female,16.109.228.156
5,Sawyer,Meriet,smeriet4@e-recht24.de,Male,70.33.161.177
6,Sherri,Gutridge,sgutridge5@cbc.ca,Non-binary,53.216.150.118
7,Idaline,Fould,ifould6@hp.com,Female,111.89.136.29
8,Jaimie,Smiths,jsmiths7@unblog.fr,Male,27.83.151.121
9,Ara,Levin,alevin8@altervista.org,Male,21.32.176.250
10,Clarisse,Gorton,cgorton9@columbia.edu,Female,0.207.6.80
11,Sheilah,Bucklan,sbucklana@toplist.cz,Female,225.158.161.149
12,Briano,Evins,bevinsb@mozilla.com,Male,150.127.249.122
13,Sigvard,Knappen,sknappenc@spiegel.de,Male,236.170.107.105
14,Leontine,Laird-Craig,llairdcraigd@blogger.com,Female,41.11.11.180
15,Herrick,Mankor,hmankore@ebay.co.uk,Male,141.86.81.234
16,Amaleta,Damiata,adamiataf@wordpress.com,Female,197.195.46.176
17,Romain,Nockells,rnockellsg@yellowbook.com,Agender,254.79.211.78
18,Fitz,Appleton,fappletonh@spotify.com,Male,241.94.156.251
19,Lindsy,Bernli,lbernlii@privacy.gov.au,Female,96.67.217.243
20,Fredia,Cotgrove,fcotgrovej@biblegateway.com,Female,221.227.17.225
21,Davina,Marshallsay,dmarshallsayk@1688.com,Female,51.135.138.182
22,Joye,Orring,jorringl@themeforest.net,Female,21.48.145.53
23,Jarrett,Cockle,jcocklem@goo.ne.jp,Male,123.15.210.69
24,Caspar,Rahill,crahilln@google.co.uk,Male,36.8.119.13
25,Darell,Blatherwick,dblatherwicko@e-recht24.de,Female,213.137.252.239
26,Paxton,Micklem,pmicklemp@etsy.com,Male,174.227.168.130
27,Ardyth,Richin,arichinq@wsj.com,Female,82.71.123.126
28,Ira,Deighan,ideighanr@ucoz.com,Male,169.192.139.66
29,Harbert,Liversedge,hliversedges@shutterfly.com,Male,5.229.180.8
30,Lucretia,Rosenblad,lrosenbladt@blog.com,Female,96.66.241.25
31,Amberly,Wallsam,awallsamu@wsj.com,Female,125.173.150.143
32,Erina,Betteney,ebetteneyv@samsung.com,Female,156.176.57.134
33,Alick,Dessent,adessentw@vk.com,Male,33.143.24.33
34,Yolane,Skate,yskatex@blog.com,Agender,242.35.60.131
35,Harper,Alkin,halkiny@house.gov,Male,101.136.78.155
36,Aveline,Brecon,abreconz@icio.us,Female,57.61.48.51
37,Analiese,Fannin,afannin10@t.co,Female,100.248.83.84
38,Rachele,Pecha,rpecha11@netscape.com,Bigender,93.200.70.1
39,Melisande,Myers,mmyers12@theglobeandmail.com,Female,77.120.185.48
40,Danit,Malins,dmalins13@reverbnation.com,Female,12.97.10.39
41,Delmar,Astman,dastman14@mit.edu,Male,39.20.226.20
42,Portia,Antoniades,pantoniades15@istockphoto.com,Female,231.89.73.180
43,Tommy,Cakebread,tcakebread16@comcast.net,Female,12.107.179.172
44,Luca,Paullin,lpaullin17@amazon.co.jp,Male,213.167.187.60
45,Gusti,Lorenzin,glorenzin18@mit.edu,Female,12.89.50.228
46,Quintin,Waymont,qwaymont19@si.edu,Male,170.27.190.200
47,Ronda,Kores,rkores1a@godaddy.com,Female,143.58.53.23
48,Eugenia,Finnes,efinnes1b@japanpost.jp,Female,151.149.189.72
49,Lara,O'Sculley,losculley1c@discovery.com,Female,105.81.33.32
50,Devon,Guille,dguille1d@gizmodo.com,Female,44.56.79.85
51,Clio,Buddell,cbuddell1e@bbc.co.uk,Female,208.12.135.169
52,Duffy,Inker,dinker1f@ox.ac.uk,Male,116.182.190.136
53,Lombard,Chopping,lchopping1g@barnesandnoble.com,Male,3.179.249.144
54,Beckie,Honacker,bhonacker1h@cbsnews.com,Female,111.28.56.120
55,Nicolette,Ceyssen,nceyssen1i@salon.com,Female,89.198.227.125
56,Demetri,Everwin,deverwin1j@umn.edu,Male,24.196.255.126
57,Rubia,Camacho,rcamacho1k@examiner.com,Female,22.76.140.206
58,Pauly,Luty,pluty1l@senate.gov,Male,213.209.165.58
59,Casey,Drinnan,cdrinnan1m@w3.org,Female,222.243.164.195
60,Pedro,Balducci,pbalducci1n@com.com,Male,145.217.118.125
61,Leeanne,Warlaw,lwarlaw1o@nps.gov,Female,143.157.181.152
62,Guillermo,Morratt,gmorratt1p@paginegialle.it,Male,29.133.113.182
63,Tilda,Blakebrough,tblakebrough1q@prweb.com,Female,25.115.60.39
64,Carlos,Driver,cdriver1r@uiuc.edu,Polygender,249.104.160.167
65,Dewain,Laxe,dlaxe1s@last.fm,Male,22.225.150.89
66,Paolina,Stannas,pstannas1t@homestead.com,Female,54.137.29.167
67,Fania,Hassin,fhassin1u@angelfire.com,Female,53.219.158.216
68,Glory,Duran,gduran1v@topsy.com,Female,73.22.177.202
69,Maxy,Goldstraw,mgoldstraw1w@msu.edu,Agender,3.223.97.85
70,Bendix,Sighard,bsighard1x@dagondesign.com,Male,71.25.247.230
71,Lyndsey,Renac,lrenac1y@sphinn.com,Female,226.18.204.130
72,Gregoire,Mance,gmance1z@rediff.com,Male,144.114.86.208
73,Boycey,O'Gleasane,bogleasane20@forbes.com,Male,120.242.80.154
74,Curtice,Colchett,ccolchett21@ft.com,Male,172.231.170.80
75,Ardath,Wildbore,awildbore22@oakley.com,Female,112.137.238.143
76,Solomon,Conan,sconan23@wufoo.com,Male,118.1.221.251
77,Hugo,Brunroth,hbrunroth24@google.com.au,Male,44.87.202.184
78,Currey,Walewski,cwalewski25@ibm.com,Male,136.137.238.101
79,Leandra,Kemm,lkemm26@dell.com,Female,246.167.98.38
80,Bruce,Mell,bmell27@sitemeter.com,Male,170.96.211.160
81,Lorelle,Tees,ltees28@tmall.com,Female,181.124.193.137
82,Walsh,Bessant,wbessant29@ox.ac.uk,Male,190.229.227.133
83,Farley,Torrese,ftorrese2a@sohu.com,Male,201.51.136.251
84,Langsdon,Kofax,lkofax2b@csmonitor.com,Male,142.218.28.23
85,Karel,Tuckett,ktuckett2c@icq.com,Male,27.188.163.181
86,Thaddeus,MacArthur,tmacarthur2d@addtoany.com,Male,61.104.82.141
87,Catlee,Kalderon,ckalderon2e@nba.com,Female,117.121.63.212
88,Yettie,Gabala,ygabala2f@ebay.com,Female,34.172.80.154
89,Rhody,Blas,rblas2g@quantcast.com,Female,9.19.5.83
90,Tabb,Macvey,tmacvey2h@comcast.net,Male,68.33.120.124
91,Ingmar,Mayhow,imayhow2i@etsy.com,Male,186.23.113.14
92,Carol-jean,Vannet,cvannet2j@ocn.ne.jp,Polygender,248.155.96.136
93,Craig,Thredder,cthredder2k@ft.com,Male,0.121.186.44
94,Alix,Cupper,acupper2l@dailymotion.com,Male,146.94.208.247
95,Bianca,Rentelll,brentelll2m@smh.com.au,Female,88.7.199.108
96,Collete,MacGillicuddy,cmacgillicuddy2n@yelp.com,Female,108.221.7.206
97,Nealy,Fryer,nfryer2o@blogs.com,Male,241.193.220.191
98,Nataniel,Matelyunas,nmatelyunas2p@hud.gov,Male,234.162.40.226
99,Sherwood,Ellett,sellett2q@pinterest.com,Male,24.150.151.54
100,Pacorro,Harrod,pharrod2r@cargocollective.com,Male,238.125.106.200
101,Wilhelm,Foden,wfoden2s@amazon.com,Male,17.190.3.75
102,Zollie,Stopforth,zstopforth2t@salon.com,Male,95.248.181.128
103,Tuesday,Ibbetson,tibbetson2u@posterous.com,Female,180.179.10.252
104,Whit,Gert,wgert2v@mac.com,Genderfluid,41.2.70.249
105,Robinet,Cortez,rcortez2w@freewebs.com,Female,196.143.113.7
106,Stanislaw,Kopfer,skopfer2x@sogou.com,Male,46.83.79.27
107,Kattie,McGlashan,kmcglashan2y@who.int,Non-binary,226.2.193.224
108,Bevan,Raymen,braymen2z@paginegialle.it,Male,96.33.220.147
109,Yvette,Dwane,ydwane30@slideshare.net,Female,221.171.236.199
110,Lin,Gerrish,lgerrish31@cocolog-nifty.com,Male,76.41.4.95
111,Karly,Limpertz,klimpertz32@zdnet.com,Female,54.99.43.171
112,Greer,Radmore,gradmore33@paypal.com,Female,155.11.175.39
113,Diego,Coulston,dcoulston34@unc.edu,Male,102.93.193.33
114,Reiko,Valerius,rvalerius35@histats.com,Female,155.33.89.37
115,Rosy,Janaszewski,rjanaszewski36@hc360.com,Genderqueer,250.184.194.1
116,Bryant,Pollok,bpollok37@rakuten.co.jp,Male,138.247.139.77
117,Kelby,Van Der Walt,kvanderwalt38@gnu.org,Male,248.246.215.244
118,Lula,Treske,ltreske39@newyorker.com,Female,213.182.239.93
119,Jozef,Birkett,jbirkett3a@feedburner.com,Male,142.14.199.168
120,Margaret,Badger,mbadger3b@amazon.co.uk,Female,228.74.115.70
121,Kylie,Stonebridge,kstonebridge3c@posterous.com,Genderfluid,196.57.83.48
122,Christos,McGurn,cmcgurn3d@sfgate.com,Male,190.112.251.131
123,Tammara,Fincham,tfincham3e@va.gov,Female,95.244.224.8
124,Gunar,Bruckent,gbruckent3f@amazon.co.jp,Male,202.123.93.119
125,Christoforo,Niles,cniles3g@gov.uk,Male,228.7.229.161
126,Allx,Soutter,asoutter3h@hc360.com,Female,53.117.11.61
127,Dagmar,Shoveller,dshoveller3i@springer.com,Female,144.87.148.237
128,Jennee,Dell Casa,jdellcasa3j@spiegel.de,Female,135.172.156.170
129,Dana,Tredger,dtredger3k@twitter.com,Female,214.84.13.167
130,Clark,Malling,cmalling3l@virginia.edu,Male,204.45.134.37
131,Chrysa,Cassell,ccassell3m@google.com.hk,Female,0.81.75.227
132,Sky,Davisson,sdavisson3n@home.pl,Male,132.143.125.212
133,Alice,Rodmell,arodmell3o@1688.com,Female,24.107.141.236
134,Alford,Kropp,akropp3p@nhs.uk,Male,189.45.87.140
135,Thaxter,Lashbrook,tlashbrook3q@exblog.jp,Male,217.42.13.193
136,Magdalene,Sayre,msayre3r@indiegogo.com,Female,156.112.110.30
137,Tripp,MacLucais,tmaclucais3s@earthlink.net,Male,124.150.178.45
138,Chlo,Faulkener,cfaulkener3t@merriam-webster.com,Female,4.95.246.154
139,Cymbre,Anthoney,canthoney3u@a8.net,Female,234.36.210.112
140,Lucinda,McMurthy,lmcmurthy3v@networksolutions.com,Female,47.136.224.84
141,Gabie,Tringham,gtringham3w@abc.net.au,Male,144.35.19.42
142,Franchot,Claricoats,fclaricoats3x@earthlink.net,Male,202.223.74.185
143,Sigismondo,Voelker,svoelker3y@xinhuanet.com,Male,234.187.140.210
144,Mahmud,Gisbye,mgisbye3z@ucla.edu,Male,160.224.110.146
145,Ewen,Castillo,ecastillo40@goodreads.com,Male,103.239.119.251
146,Bernardine,Darwen,bdarwen41@miibeian.gov.cn,Female,97.228.86.9
147,Charity,Fayer,cfayer42@g.co,Female,82.142.101.11
148,Clayton,Vittore,cvittore43@cdc.gov,Male,249.209.37.85
149,Berkie,Thurstan,bthurstan44@theatlantic.com,Male,158.201.30.216
150,Mechelle,Schoular,mschoular45@sfgate.com,Female,174.19.139.61
151,Janeen,Wreiford,jwreiford46@hc360.com,Female,42.184.28.32
152,Melisent,Gratland,mgratland47@springer.com,Female,172.123.203.195
153,Juliette,Nimmo,jnimmo48@engadget.com,Female,77.222.42.218
154,Yvon,Blundel,yblundel49@google.com,Male,65.122.156.30
155,Auberta,Taudevin,ataudevin4a@sitemeter.com,Female,138.41.84.38
156,Vivianna,McFetridge,vmcfetridge4b@princeton.edu,Polygender,164.45.148.231
157,Nata,Whitten,nwhitten4c@spiegel.de,Female,69.31.245.223
158,Francene,McCaughan,fmccaughan4d@who.int,Female,198.58.114.245
159,Raye,Boddington,rboddington4e@exblog.jp,Female,153.126.227.222
160,Tito,Heinke,theinke4f@unicef.org,Male,190.202.50.20
161,Jarrett,Grigorian,jgrigorian4g@histats.com,Male,39.195.41.25
162,Lauren,Kinsett,lkinsett4h@sfgate.com,Male,18.0.205.113
163,Chip,Joskowicz,cjoskowicz4i@rakuten.co.jp,Male,193.167.91.216
164,Agace,Vaszoly,avaszoly4j@wsj.com,Female,127.36.70.102
165,Xenos,Splevings,xsplevings4k@hud.gov,Male,107.116.240.96
166,Noella,Dauby,ndauby4l@creativecommons.org,Female,83.168.100.110
167,Elenore,Spurritt,espurritt4m@timesonline.co.uk,Female,75.88.253.133
168,Arvin,Mathivon,amathivon4n@fema.gov,Male,94.223.72.94
169,Addia,Gland,agland4o@geocities.jp,Female,10.103.65.141
170,Doloritas,Marc,dmarc4p@cdc.gov,Female,105.237.235.219
171,Erhart,Murphey,emurphey4q@cmu.edu,Male,168.98.20.121
172,Thoma,Beed,tbeed4r@ask.com,Male,86.60.52.63
173,Kayley,Huck,khuck4s@naver.com,Female,7.38.181.69
174,Brade,Dreelan,bdreelan4t@friendfeed.com,Male,98.48.121.114
175,Alisander,Whereat,awhereat4u@sbwire.com,Male,9.245.62.247
176,Elisabetta,Messingham,emessingham4v@bluehost.com,Female,224.247.83.253
177,Deane,O'Lehane,dolehane4w@myspace.com,Male,118.109.67.16
178,Denny,Biagini,dbiagini4x@flavors.me,Male,2.91.23.208
179,Bobinette,Bakhrushin,bbakhrushin4y@bravesites.com,Genderfluid,47.100.43.251
180,Don,Brokenshire,dbrokenshire4z@goo.gl,Male,54.157.192.186
181,Gardie,Cowper,gcowper50@smugmug.com,Male,38.232.106.60
182,Lyndsey,Barnet,lbarnet51@psu.edu,Female,12.91.109.143
183,Leslie,Letterick,lletterick52@storify.com,Bigender,153.133.229.253
184,Lon,Falconar,lfalconar53@telegraph.co.uk,Male,240.68.107.225
185,Mechelle,Crosham,mcrosham54@discuz.net,Agender,2.223.118.179
186,Kelcy,Cecil,kcecil55@weibo.com,Female,224.27.104.10
187,Mirabella,Smalecombe,msmalecombe56@scribd.com,Female,203.67.205.237
188,Reinold,Skittreal,rskittreal57@home.pl,Male,47.179.191.47
189,Magdalena,Loeber,mloeber58@bbc.co.uk,Female,166.38.41.182
190,Sephira,O'Rudden,sorudden59@parallels.com,Female,247.76.59.143
191,Selestina,Chessell,schessell5a@google.com.hk,Female,206.41.39.50
192,Anatole,Flaune,aflaune5b@jiathis.com,Male,170.184.220.45
193,Ambrosius,Arrow,aarrow5c@shutterfly.com,Agender,0.120.140.50
194,Leigh,MacKeever,lmackeever5d@cnet.com,Male,242.151.139.188
195,Rudd,Buzek,rbuzek5e@scientificamerican.com,Male,2.61.66.170
196,Otes,Shiel,oshiel5f@mediafire.com,Male,16.35.116.49
197,Eduard,Sindle,esindle5g@stumbleupon.com,Male,48.85.71.214
198,Shara,Sitford,ssitford5h@hubpages.com,Female,118.116.159.218
199,Delcina,Peevor,dpeevor5i@virginia.edu,Female,158.11.111.192
200,Claudetta,Hockell,chockell5j@kickstarter.com,Female,42.71.132.22
201,Rancell,Deerness,rdeerness5k@utexas.edu,Male,127.29.75.38
202,Finley,Enders,fenders5l@ameblo.jp,Male,146.211.194.115
203,Jeanie,Burns,jburns5m@gizmodo.com,Female,23.17.240.166
204,Ingaborg,Hirjak,ihirjak5n@java.com,Female,74.18.50.124
205,Burg,Rabbitt,brabbitt5o@bravesites.com,Male,141.91.212.23
206,Antonietta,Jerisch,ajerisch5p@angelfire.com,Female,22.63.80.195
207,Brod,Geffinger,bgeffinger5q@drupal.org,Male,139.251.230.161
208,Jemie,Hentzeler,jhentzeler5r@plala.or.jp,Female,203.102.24.177
209,Kiel,Lawtey,klawtey5s@microsoft.com,Male,71.61.225.167
210,Melanie,Seden,mseden5t@meetup.com,Female,23.130.36.78
211,Silva,McKaile,smckaile5u@people.com.cn,Female,94.237.69.13
212,Isabeau,Skuse,iskuse5v@issuu.com,Female,230.239.16.174
213,Ellynn,Willishire,ewillishire5w@mozilla.org,Female,116.230.121.220
214,Jock,FitzGilbert,jfitzgilbert5x@redcross.org,Male,146.90.153.82
215,Farr,Coom,fcoom5y@theguardian.com,Male,92.98.180.171
216,Elisabet,Kretchmer,ekretchmer5z@google.co.uk,Female,44.126.73.152
217,Layla,Goodram,lgoodram60@hibu.com,Female,145.50.133.66
218,Janeczka,Kierans,jkierans61@geocities.jp,Female,157.226.157.71
219,Maryjane,Armer,marmer62@yolasite.com,Female,242.104.50.181
220,Leilah,Glenton,lglenton63@jalbum.net,Female,145.47.218.240
221,Westbrook,Rosling,wrosling64@yandex.ru,Male,182.180.86.54
222,Even,Gosney,egosney65@cornell.edu,Non-binary,23.145.136.4
223,Jase,O'Longain,jolongain66@360.cn,Agender,88.111.64.244
224,Emmalynne,Harniman,eharniman67@cyberchimps.com,Female,3.164.211.156
225,Annabella,Laimable,alaimable68@pagesperso-orange.fr,Female,103.88.212.86
226,Georgi,Mableson,gmableson69@nyu.edu,Male,130.2.254.22
227,Uriah,Alton,ualton6a@hostgator.com,Male,158.49.239.72
228,Claire,Seamon,cseamon6b@about.com,Male,25.119.47.74
229,Bing,Thow,bthow6c@bing.com,Male,228.208.196.108
230,Hebert,Fronks,hfronks6d@typepad.com,Male,197.176.77.46
231,Suki,Sibun,ssibun6e@a8.net,Female,9.79.80.173
232,Tye,Sanpere,tsanpere6f@gov.uk,Male,162.126.157.207
233,Lannie,Jenkerson,ljenkerson6g@berkeley.edu,Male,74.246.34.168
234,Gualterio,Maffetti,gmaffetti6h@unblog.fr,Male,168.110.241.185
235,Burnard,Doxey,bdoxey6i@dedecms.com,Male,180.148.86.142
236,Eddy,Kapelhof,ekapelhof6j@bbc.co.uk,Female,112.136.33.216
237,Ches,Cicccitti,ccicccitti6k@nba.com,Male,228.136.147.80
238,Delaney,Pele,dpele6l@technorati.com,Male,25.15.222.167
239,Ber,Glanders,bglanders6m@blinklist.com,Male,70.69.68.72
240,Galen,Twidale,gtwidale6n@nymag.com,Male,106.181.36.123
241,Elna,Harvatt,eharvatt6o@spotify.com,Female,91.40.237.77
242,York,Garces,ygarces6p@bluehost.com,Male,69.142.147.208
243,Aldridge,Calder,acalder6q@hatena.ne.jp,Male,74.54.211.216
244,Idalina,Boome,iboome6r@shareasale.com,Non-binary,68.161.176.9
245,Hurley,Andrus,handrus6s@fema.gov,Male,105.182.64.123
246,Darnell,Patek,dpatek6t@goo.gl,Male,226.224.184.48
247,Dexter,McUre,dmcure6u@hao123.com,Male,186.111.156.1
248,Welby,Dubarry,wdubarry6v@nifty.com,Agender,159.221.222.144
249,Kelcie,Shewry,kshewry6w@imdb.com,Female,34.92.235.170
250,Berry,Pulman,bpulman6x@hibu.com,Female,198.180.23.118
251,Grace,Teare,gteare6y@toplist.cz,Male,82.213.245.253
252,Kate,Fortun,kfortun6z@yahoo.co.jp,Female,40.60.37.71
253,Bancroft,Fintoph,bfintoph70@google.co.uk,Male,63.133.99.254
254,Adler,Brewett,abrewett71@webnode.com,Male,133.102.177.90
255,Orville,Lannen,olannen72@blogtalkradio.com,Male,13.80.198.109
256,Devina,Vyse,dvyse73@google.com.hk,Female,78.154.155.84
257,Aleen,Paoloni,apaoloni74@house.gov,Non-binary,226.184.160.190
258,Boyd,Croyser,bcroyser75@loc.gov,Male,59.4.229.223
259,Carlen,Saladine,csaladine76@oracle.com,Female,192.71.14.60
260,Alfredo,Slesser,aslesser77@vkontakte.ru,Genderfluid,18.56.51.138
261,Barron,Labet,blabet78@indiatimes.com,Male,108.59.147.241
262,Nil,Pietrasik,npietrasik79@wiley.com,Male,187.106.35.170
263,Dorise,Gourley,dgourley7a@usatoday.com,Female,239.42.19.245
264,Oralla,Skerritt,oskerritt7b@mashable.com,Genderqueer,188.174.232.228
265,Broddie,Thompson,bthompson7c@sakura.ne.jp,Male,209.159.248.63
266,Lionel,Chelley,lchelley7d@go.com,Male,80.230.214.63
267,Codie,Bonafacino,cbonafacino7e@amazon.de,Female,90.227.136.65
268,Glen,Ballefant,gballefant7f@twitpic.com,Female,145.173.41.49
269,Cleon,Klemencic,cklemencic7g@ucsd.edu,Male,189.87.0.141
270,Godiva,Manna,gmanna7h@xrea.com,Female,132.168.104.34
271,Amy,Stoffer,astoffer7i@va.gov,Female,73.18.165.12
272,Doris,Igoe,digoe7j@odnoklassniki.ru,Female,1.163.37.93
273,Sandy,Kobelt,skobelt7k@princeton.edu,Female,78.163.254.54
274,Culley,O'Loughnan,coloughnan7l@ucla.edu,Male,240.23.249.33
275,Meryl,Trenchard,mtrenchard7m@youtu.be,Male,139.47.41.63
276,Micky,Devanney,mdevanney7n@rediff.com,Male,249.210.207.170
277,Lisle,Corre,lcorre7o@usgs.gov,Genderqueer,176.147.109.251
278,Karil,Glennie,kglennie7p@delicious.com,Female,18.202.127.218
279,Ree,Lacheze,rlacheze7q@google.de,Female,224.125.35.190
280,Gerrie,Bayman,gbayman7r@loc.gov,Polygender,171.190.103.159
281,Grace,Ironside,gironside7s@ustream.tv,Male,122.17.8.35
282,Koren,Defraine,kdefraine7t@phoca.cz,Female,35.124.124.190
283,Tamqrah,Belfitt,tbelfitt7u@fotki.com,Female,14.234.44.115
284,Pepe,Janaud,pjanaud7v@theguardian.com,Male,145.33.202.159
285,Lynett,Biffin,lbiffin7w@forbes.com,Female,157.67.62.219
286,Arnoldo,Vannoni,avannoni7x@creativecommons.org,Male,116.136.102.84
287,Bathsheba,Ubsdell,bubsdell7y@addthis.com,Female,28.184.4.148
288,Anstice,McBain,amcbain7z@mozilla.org,Female,198.254.63.182
289,Lionello,MacGiolla,lmacgiolla80@hatena.ne.jp,Male,108.136.128.158
290,Adolphe,Iliff,ailiff81@bbb.org,Male,248.65.19.100
291,Ninetta,Maffezzoli,nmaffezzoli82@stumbleupon.com,Female,78.101.212.129
292,Armando,Southern,asouthern83@shop-pro.jp,Male,249.176.48.62
293,Cele,Leidecker,cleidecker84@pbs.org,Female,19.220.101.117
294,Leonhard,Ebsworth,lebsworth85@umn.edu,Male,152.100.133.59
295,Chrissie,Heifer,cheifer86@illinois.edu,Non-binary,47.71.30.4
296,Vin,Whisker,vwhisker87@sciencedirect.com,Female,77.167.181.43
297,Orv,Glauber,oglauber88@google.com.hk,Male,75.145.158.0
298,Malena,Byllam,mbyllam89@google.com.au,Female,55.39.172.29
299,Thalia,Foottit,tfoottit8a@nytimes.com,Female,88.196.100.54
300,Aigneis,Marie,amarie8b@epa.gov,Female,100.18.175.53
301,Nicola,Peacey,npeacey8c@joomla.org,Female,6.83.156.111
302,Alfons,Josefer,ajosefer8d@aboutads.info,Male,143.58.155.21
303,Verney,Vasyutkin,vvasyutkin8e@wix.com,Agender,159.234.121.210
304,Tonnie,Caslin,tcaslin8f@google.it,Male,17.156.1.174
305,Lanny,Sharrem,lsharrem8g@flavors.me,Male,73.222.239.247
306,Bing,Waterman,bwaterman8h@livejournal.com,Male,117.169.245.62
307,Brittan,Bruun,bbruun8i@dell.com,Female,61.210.183.149
308,Tull,Chable,tchable8j@imdb.com,Male,199.190.187.85
309,Kira,Elliss,kelliss8k@de.vu,Female,84.63.128.37
310,Orion,Lago,olago8l@360.cn,Male,64.186.170.49
311,Gradey,Pryde,gpryde8m@ustream.tv,Male,123.212.94.204
312,Pip,Bassam,pbassam8n@example.com,Male,217.125.133.214
313,Wright,Canti,wcanti8o@princeton.edu,Male,242.243.113.125
314,Bjorn,Naish,bnaish8p@lulu.com,Male,21.121.35.232
315,Garrick,Batchelder,gbatchelder8q@plala.or.jp,Male,171.220.87.114
316,Con,Sheivels,csheivels8r@de.vu,Female,107.178.180.126
317,Christabella,Rands,crands8s@senate.gov,Female,176.97.23.161
318,Almeria,Adderson,aadderson8t@cbslocal.com,Genderqueer,216.114.111.144
319,Garwood,Ubsdale,gubsdale8u@msu.edu,Male,6.53.196.149
320,Aura,Yanin,ayanin8v@wix.com,Female,249.153.253.12
321,Ralf,Pretswell,rpretswell8w@hibu.com,Male,255.177.36.163
322,Elli,Davidovics,edavidovics8x@fda.gov,Female,78.55.231.118
323,Isa,Ferrara,iferrara8y@de.vu,Female,178.234.131.47
324,Antin,Rowledge,arowledge8z@vkontakte.ru,Male,49.130.96.79
325,Victoria,Vale,vvale90@foxnews.com,Female,238.129.127.181
326,Ettie,Crankshaw,ecrankshaw91@samsung.com,Female,26.10.96.219
327,Jenny,Bothram,jbothram92@dailymail.co.uk,Female,26.171.82.191
328,Louisa,Fee,lfee93@360.cn,Female,125.15.192.242
329,Isadora,McCabe,imccabe94@tamu.edu,Female,105.44.255.167
330,Paulette,Devereu,pdevereu95@163.com,Genderqueer,144.200.249.105
331,Terrell,Fincke,tfincke96@samsung.com,Male,27.224.182.58
332,Ameline,Minchinton,aminchinton97@yolasite.com,Female,6.123.88.232
333,Drusi,Newe,dnewe98@bigcartel.com,Female,19.126.210.35
334,Pattie,Hailey,phailey99@cloudflare.com,Male,79.153.79.202
335,Kevina,Ricci,kricci9a@cam.ac.uk,Female,86.111.247.20
336,Greg,Child,gchild9b@cbsnews.com,Male,133.207.82.173
337,Olive,Regus,oregus9c@creativecommons.org,Female,173.121.149.201
338,Jamesy,Saffe,jsaffe9d@irs.gov,Male,174.202.118.141
339,Evonne,Favelle,efavelle9e@google.com.hk,Female,16.140.170.254
340,Chance,Helm,chelm9f@example.com,Male,243.254.255.79
341,Tiebout,Ewin,tewin9g@dagondesign.com,Male,192.226.230.22
342,Colby,Castane,ccastane9h@deliciousdays.com,Male,144.89.188.195
343,Ezechiel,Yeeles,eyeeles9i@phoca.cz,Male,147.155.157.47
344,Chet,Pickles,cpickles9j@cam.ac.uk,Male,20.240.76.86
345,Corissa,Milmoe,cmilmoe9k@devhub.com,Female,172.98.160.153
346,Joelle,Beveredge,jbeveredge9l@ask.com,Female,81.113.25.66
347,Norman,Cromarty,ncromarty9m@unicef.org,Male,46.80.96.177
348,Dorice,Swindley,dswindley9n@guardian.co.uk,Female,79.174.199.30
349,Audry,Caroll,acaroll9o@vistaprint.com,Female,36.121.158.119
350,Aridatha,Snell,asnell9p@behance.net,Female,48.96.44.22
351,Norbert,Whittenbury,nwhittenbury9q@slideshare.net,Male,163.49.155.33
352,Norry,Lugsdin,nlugsdin9r@opensource.org,Genderfluid,213.1.104.215
353,Jessamine,Mushart,jmushart9s@angelfire.com,Female,217.3.141.39
354,Winona,Capehorn,wcapehorn9t@wordpress.org,Female,7.213.129.109
355,Shell,Clowton,sclowton9u@washingtonpost.com,Female,129.86.28.196
356,Charlot,Hasney,chasney9v@wikimedia.org,Female,215.200.173.40
357,Griffin,Cosford,gcosford9w@nih.gov,Male,24.149.186.24
358,Jamison,Patifield,jpatifield9x@sfgate.com,Male,80.229.236.38
359,Mackenzie,Yakebovich,myakebovich9y@about.me,Male,140.221.242.42
360,Novelia,Studdal,nstuddal9z@rakuten.co.jp,Female,202.104.171.100
361,Elisha,Jest,ejesta0@bandcamp.com,Female,225.23.132.117
362,Duane,Bilam,dbilama1@guardian.co.uk,Male,157.140.198.144
363,Court,Naismith,cnaismitha2@jigsy.com,Male,26.159.97.159
364,Mac,Gilhouley,mgilhouleya3@yandex.ru,Male,35.95.34.79
365,Jan,Izatson,jizatsona4@bravesites.com,Female,13.207.36.94
366,Andy,Pruvost,apruvosta5@about.com,Female,38.81.223.117
367,Marcelo,Boothebie,mboothebiea6@sciencedirect.com,Male,145.224.2.111
368,Maxy,Saldler,msaldlera7@ustream.tv,Male,227.181.125.123
369,Michaelina,Ruslinge,mruslingea8@archive.org,Female,74.20.185.212
370,Ezekiel,Efford,eefforda9@dmoz.org,Male,136.29.186.230
371,Sandy,Handke,shandkeaa@elegantthemes.com,Female,64.135.61.213
372,Kameko,Makey,kmakeyab@goodreads.com,Polygender,156.63.193.90
373,Dillon,Blakeney,dblakeneyac@forbes.com,Male,112.134.31.98
374,Filmore,Oosthout de Vree,foosthoutdevreead@123-reg.co.uk,Male,141.55.50.43
375,Harwell,Yanin,hyaninae@prweb.com,Agender,35.136.60.33
376,Marj,Longland,mlonglandaf@sbwire.com,Female,87.197.140.148
377,Jennilee,Alloway,jallowayag@sun.com,Female,29.255.241.70
378,Boy,Pritty,bprittyah@imageshack.us,Male,22.46.198.228
379,Archibold,Fairclough,afaircloughai@hostgator.com,Male,246.31.157.237
380,Miguelita,Silversmid,msilversmidaj@google.nl,Female,189.133.62.135
381,Lizzy,Hesser,lhesserak@who.int,Female,91.94.43.182
382,Marco,Edards,medardsal@cbsnews.com,Bigender,30.19.199.242
383,Lucienne,Eke,lekeam@bloglovin.com,Female,110.78.36.31
384,Jenni,Lesor,jlesoran@eventbrite.com,Female,31.49.208.148
385,Larine,Trustrie,ltrustrieao@aboutads.info,Female,60.113.201.108
386,Stevena,Shervil,sshervilap@trellian.com,Female,241.200.88.137
387,Lothaire,Stronghill,lstronghillaq@rakuten.co.jp,Male,16.228.209.136
388,Chuck,Gidley,cgidleyar@toplist.cz,Male,31.41.86.172
389,Thornie,Trahar,ttraharas@themeforest.net,Male,176.209.13.112
390,Wynn,Reynard,wreynardat@dyndns.org,Female,23.40.9.39
391,Stephie,Spanton,sspantonau@auda.org.au,Female,211.146.146.195
392,Quintin,Arthars,qartharsav@toplist.cz,Male,34.6.193.190
393,Pooh,Banasiak,pbanasiakaw@163.com,Male,142.179.222.110
394,Harald,Aitkin,haitkinax@dyndns.org,Male,208.93.58.116
395,Emmalee,Carnall,ecarnallay@dot.gov,Female,194.177.167.165
396,Faydra,Malthus,fmalthusaz@tamu.edu,Female,26.186.113.109
397,Pasquale,Sprackling,pspracklingb0@shop-pro.jp,Male,44.16.126.231
398,Kaspar,McMeeking,kmcmeekingb1@google.com,Male,38.32.251.163
399,Iain,Dorre,idorreb2@cornell.edu,Male,25.16.128.152
400,Ivan,Henriquet,ihenriquetb3@howstuffworks.com,Male,84.176.22.154
401,Ted,Lagneaux,tlagneauxb4@slate.com,Male,254.124.70.19
402,Alford,Truelove,atrueloveb5@youtube.com,Male,235.98.220.59
403,Arlena,Pratton,aprattonb6@liveinternet.ru,Female,13.233.63.84
404,Mariellen,Zambonini,mzamboninib7@umich.edu,Female,75.180.243.158
405,Rickie,Woodrooffe,rwoodrooffeb8@quantcast.com,Male,167.210.63.44
406,Frasquito,Kunes,fkunesb9@1688.com,Male,157.236.51.111
407,Joshia,Smissen,jsmissenba@comsenz.com,Male,215.202.202.19
408,Valentijn,Langhorn,vlanghornbb@ebay.com,Male,9.163.231.126
409,Cirstoforo,Gilberthorpe,cgilberthorpebc@woothemes.com,Male,223.141.219.134
410,Lori,Ranson,lransonbd@sbwire.com,Female,180.148.82.102
411,Hastie,Quillinane,hquillinanebe@cdbaby.com,Genderqueer,141.192.10.102
412,Ruy,Tiplady,rtipladybf@dion.ne.jp,Male,92.223.47.197
413,Sarene,Purvis,spurvisbg@yahoo.co.jp,Female,147.104.131.192
414,Darrell,Elvy,delvybh@ca.gov,Male,219.128.194.83
415,Smitty,Frenchum,sfrenchumbi@biglobe.ne.jp,Male,30.35.80.62
416,Bambie,O'Loughnan,boloughnanbj@aboutads.info,Female,166.219.95.124
417,Susanne,Abels,sabelsbk@usatoday.com,Female,204.74.155.46
418,Dev,McGilvra,dmcgilvrabl@fda.gov,Male,77.162.40.20
419,Darwin,Haresnape,dharesnapebm@cyberchimps.com,Male,102.81.249.208
420,Merrick,McDaid,mmcdaidbn@upenn.edu,Male,160.249.184.161
421,Vassili,Elcomb,velcombbo@cargocollective.com,Male,29.215.54.169
422,Minnnie,Capps,mcappsbp@amazonaws.com,Female,224.108.207.211
423,Esmaria,Verdie,everdiebq@goo.gl,Female,237.212.84.108
424,Kennie,Laite,klaitebr@newyorker.com,Male,154.83.30.80
425,Kristofor,Sugden,ksugdenbs@soundcloud.com,Genderqueer,244.212.190.56
426,Raynor,Palin,rpalinbt@oakley.com,Male,246.88.8.40
427,Lissi,Gockeler,lgockelerbu@hostgator.com,Female,244.216.162.18
428,Briana,Averay,baveraybv@sourceforge.net,Bigender,193.60.41.162
429,Jeremiah,Flott,jflottbw@usgs.gov,Bigender,130.169.148.127
430,Kit,Arnfield,karnfieldbx@multiply.com,Female,40.99.114.77
431,Mame,Showt,mshowtby@php.net,Female,106.78.127.75
432,Murial,Syseland,msyselandbz@abc.net.au,Agender,241.213.174.61
433,Giorgio,Bencher,gbencherc0@over-blog.com,Male,244.72.12.164
434,Dione,Hodgets,dhodgetsc1@techcrunch.com,Female,61.124.91.72
435,Desi,Gage,dgagec2@ebay.com,Male,87.236.36.133
436,Lyndell,Petrecz,lpetreczc3@i2i.jp,Female,143.3.221.136
437,Valenka,Zettler,vzettlerc4@smh.com.au,Female,138.181.96.115
438,Kendre,Godwin,kgodwinc5@icio.us,Female,202.119.54.193
439,Liva,Marlin,lmarlinc6@sogou.com,Female,181.163.229.14
440,Hurlee,Mitten,hmittenc7@dmoz.org,Male,162.148.76.0
441,Petunia,Gowthrop,pgowthropc8@netlog.com,Female,41.217.134.239
442,Antonietta,Ghelardi,aghelardic9@moonfruit.com,Female,198.36.184.114
443,Had,Lismore,hlismoreca@google.cn,Male,109.3.163.189
444,Jeanelle,Grigorini,jgrigorinicb@sourceforge.net,Female,55.55.77.204
445,Neilla,Huggett,nhuggettcc@disqus.com,Female,208.236.73.249
446,Margie,Cobleigh,mcobleighcd@simplemachines.org,Female,75.27.64.200
447,Paige,Grendon,pgrendonce@so-net.ne.jp,Male,99.215.132.97
448,Collen,Bleythin,cbleythincf@intel.com,Female,221.118.89.234
449,Jolee,Benjafield,jbenjafieldcg@360.cn,Female,228.79.78.155
450,Sauveur,Sibbson,ssibbsonch@vkontakte.ru,Male,184.172.155.183
451,Audry,Brennenstuhl,abrennenstuhlci@odnoklassniki.ru,Female,61.220.70.135
452,Lee,Vousden,lvousdencj@alibaba.com,Female,15.2.209.64
453,Ferd,Alsobrook,falsobrookck@sciencedirect.com,Male,231.216.63.61
454,Petey,Smurfitt,psmurfittcl@newyorker.com,Male,166.19.73.38
455,Lois,Ghiotto,lghiottocm@4shared.com,Female,187.97.108.216
456,Adi,Macartney,amacartneycn@cafepress.com,Female,175.70.104.19
457,Alexis,Baseley,abaseleyco@about.me,Female,202.138.131.116
458,Ulises,Bowerman,ubowermancp@gnu.org,Male,65.96.35.225
459,Harmony,Biskupek,hbiskupekcq@instagram.com,Female,222.223.101.71
460,Wilone,Hale,whalecr@examiner.com,Genderfluid,54.230.154.55
461,Guinna,Beausang,gbeausangcs@webmd.com,Female,176.62.196.255
462,Luis,Miroy,lmiroyct@hao123.com,Male,20.173.216.168
463,Editha,Storms,estormscu@hp.com,Female,17.161.169.5
464,Aloin,Cicchetto,acicchettocv@mtv.com,Male,207.176.186.107
465,Jed,Fredson,jfredsoncw@yolasite.com,Male,194.210.64.112
466,Charmane,Ashleigh,cashleighcx@tamu.edu,Female,235.36.26.146
467,Garald,Pendleton,gpendletoncy@army.mil,Non-binary,112.121.185.5
468,Feliza,Moniker,fmonikercz@mapy.cz,Female,46.42.158.203
469,Lew,Duncan,lduncand0@sun.com,Male,220.18.97.197
470,Abraham,Kenset,akensetd1@parallels.com,Male,110.172.218.134
471,Bail,Chisholm,bchisholmd2@wisc.edu,Male,182.173.127.87
472,Morey,Woodrow,mwoodrowd3@elpais.com,Male,102.61.214.240
473,Rockwell,Cunningham,rcunninghamd4@i2i.jp,Male,27.117.209.210
474,Keen,Roofe,kroofed5@home.pl,Male,60.22.159.73
475,Fran,Leathlay,fleathlayd6@boston.com,Male,182.81.79.189
476,Jerald,Filgate,jfilgated7@jigsy.com,Male,219.75.210.237
477,Bridget,Kelling,bkellingd8@imgur.com,Female,9.247.63.212
478,Tandy,Abramowitch,tabramowitchd9@discuz.net,Female,204.147.78.99
479,Valli,MacDuff,vmacduffda@theglobeandmail.com,Female,30.147.238.215
480,Jackie,Balasini,jbalasinidb@oaic.gov.au,Male,78.10.187.234
481,Cad,Schruyer,cschruyerdc@photobucket.com,Non-binary,211.234.234.23
482,Teressa,Deuss,tdeussdd@wikispaces.com,Female,82.152.129.148
483,Eustace,Burstowe,eburstowede@issuu.com,Polygender,242.202.118.97
484,Humbert,Boydle,hboydledf@topsy.com,Male,118.159.18.137
485,Eal,Cranna,ecrannadg@reddit.com,Male,88.167.89.63
486,Rochester,Inworth,rinworthdh@naver.com,Male,241.130.189.207
487,Ban,Scantlebury,bscantleburydi@opensource.org,Male,150.11.165.102
488,Dalt,Hexham,dhexhamdj@slate.com,Male,144.202.143.236
489,Brendis,McMenamy,bmcmenamydk@unblog.fr,Male,43.73.224.91
490,Lovell,Scoone,lscoonedl@webnode.com,Male,204.30.53.76
491,Cassandry,McGaughay,cmcgaughaydm@chron.com,Female,132.72.120.247
492,Susanetta,Caldow,scaldowdn@cdbaby.com,Female,44.3.90.248
493,Velvet,Goding,vgodingdo@delicious.com,Female,136.250.123.233
494,Faunie,Matusevich,fmatusevichdp@amazon.com,Female,182.219.232.31
495,Dewie,Dunkersley,ddunkersleydq@pagesperso-orange.fr,Male,179.145.92.222
496,Fidelity,Berks,fberksdr@mozilla.org,Female,180.156.94.91
497,Lyndel,Rosewarne,lrosewarneds@yelp.com,Female,50.220.58.59
498,Bjorn,Gocher,bgocherdt@opera.com,Male,158.4.53.111
499,Bobbye,Tupie,btupiedu@netvibes.com,Female,82.52.84.205
500,Chloris,Whisby,cwhisbydv@mlb.com,Female,164.32.85.19
501,Rickard,Paullin,rpaullindw@kickstarter.com,Male,20.199.23.205
502,Teresa,Crookshanks,tcrookshanksdx@naver.com,Female,19.229.227.92
503,Ragnar,Costi,rcostidy@jimdo.com,Male,137.247.222.65
504,Darda,Rowson,drowsondz@virginia.edu,Female,9.12.26.245
505,Prent,Pestor,ppestore0@reddit.com,Male,252.182.12.134
506,Lucius,Geldeard,lgeldearde1@blog.com,Male,180.172.55.29
507,Timoteo,McKeand,tmckeande2@symantec.com,Male,42.177.107.8
508,Merrill,Kiddy,mkiddye3@scientificamerican.com,Female,114.37.5.200
509,Aharon,Arnfield,aarnfielde4@shutterfly.com,Male,82.14.126.186
510,Conney,MacLure,cmacluree5@mit.edu,Male,92.149.107.105
511,Dalston,Dufoure,ddufouree6@hexun.com,Male,85.80.209.148
512,Bradford,Burg,bburge7@etsy.com,Male,119.175.226.181
513,Tabbie,de Almeida,tdealmeidae8@aboutads.info,Female,173.244.124.214
514,Ruperto,Chaudret,rchaudrete9@ycombinator.com,Male,86.90.158.68
515,Henryetta,Reisenstein,hreisensteinea@parallels.com,Female,105.137.250.135
516,Norri,De Wolfe,ndewolfeeb@geocities.com,Female,195.87.67.155
517,Hobard,Iglesias,higlesiasec@noaa.gov,Male,246.229.240.84
518,Sissy,Hawler,shawlered@dropbox.com,Female,23.112.187.90
519,Thibaut,Zanre,tzanreee@rambler.ru,Male,24.123.187.253
520,Franchot,Crose,fcroseef@deviantart.com,Genderfluid,85.63.37.253
521,Korella,Huckster,khuckstereg@moonfruit.com,Female,236.252.196.151
522,Lorin,McGinley,lmcginleyeh@discovery.com,Male,185.161.169.87
523,Karlan,Canter,kcanterei@latimes.com,Male,154.192.227.102
524,Lina,Groocock,lgroocockej@huffingtonpost.com,Female,48.233.217.242
525,Teodorico,Smitten,tsmittenek@google.pl,Male,168.34.157.57
526,Murdoch,Lots,mlotsel@bandcamp.com,Non-binary,234.21.161.16
527,Aurea,Buckberry,abuckberryem@wordpress.org,Female,67.112.217.17
528,Marga,Hebdon,mhebdonen@free.fr,Female,133.45.144.1
529,Leon,Olford,lolfordeo@1und1.de,Male,210.27.68.118
530,Michelina,Caffin,mcaffinep@123-reg.co.uk,Female,3.56.151.95
531,Rod,Debney,rdebneyeq@artisteer.com,Male,225.225.247.173
532,Jens,Sperwell,jsperweller@addthis.com,Male,157.108.96.40
533,Antonina,Kealey,akealeyes@upenn.edu,Female,196.197.50.223
534,Doyle,Edmenson,dedmensonet@cloudflare.com,Male,22.81.130.167
535,Carleton,Torrecilla,ctorrecillaeu@craigslist.org,Male,36.113.95.167
536,Beatrice,Nevins,bnevinsev@reverbnation.com,Female,21.134.7.72
537,Jaymee,Lowings,jlowingsew@who.int,Female,204.194.45.236
538,Lonee,Bulpitt,lbulpittex@jimdo.com,Female,178.82.128.206
539,Yancey,Longrigg,ylongriggey@hugedomains.com,Non-binary,213.149.44.159
540,Alexis,Lissaman,alissamanez@samsung.com,Female,153.119.158.223
541,Annadiane,Keedwell,akeedwellf0@tumblr.com,Female,41.33.148.177
542,Adelbert,Meadway,ameadwayf1@pinterest.com,Male,146.224.30.6
543,Joey,Van Der Hoog,jvanderhoogf2@merriam-webster.com,Female,161.126.211.53
544,Caril,Meys,cmeysf3@auda.org.au,Female,204.113.148.243
545,Angelo,Gravenor,agravenorf4@npr.org,Male,47.248.170.107
546,Joeann,Humes,jhumesf5@dailymotion.com,Female,63.95.135.171
547,Jud,Cockman,jcockmanf6@newsvine.com,Male,242.130.226.51
548,Iorgos,Brittin,ibrittinf7@engadget.com,Male,5.80.255.79
549,Saw,Twiddle,stwiddlef8@trellian.com,Male,0.1.164.197
550,Dionysus,Saintpierre,dsaintpierref9@dell.com,Male,15.109.244.187
551,Remington,Killough,rkilloughfa@imgur.com,Male,84.59.170.63
552,Minny,Conew,mconewfb@baidu.com,Female,4.205.211.88
553,Bealle,Blonden,bblondenfc@reference.com,Male,254.143.197.179
554,Josiah,Hoffman,jhoffmanfd@freewebs.com,Male,22.245.228.190
555,Ignacius,Beggs,ibeggsfe@soundcloud.com,Male,60.2.21.176
556,Dewain,Hollebon,dhollebonff@ustream.tv,Male,240.28.125.239
557,Amery,McPeice,amcpeicefg@auda.org.au,Male,170.72.120.36
558,Roger,Warwicker,rwarwickerfh@angelfire.com,Male,204.3.236.168
559,Erastus,Lamprecht,elamprechtfi@mapy.cz,Male,42.82.58.248
560,Luisa,Klus,lklusfj@lulu.com,Female,86.113.188.213
561,Alastair,Dormer,adormerfk@omniture.com,Male,252.135.4.248
562,Kelley,Munsey,kmunseyfl@barnesandnoble.com,Male,185.243.31.140
563,Harlie,Triggel,htriggelfm@domainmarket.com,Genderfluid,80.225.35.175
564,Rudiger,Webby,rwebbyfn@wiley.com,Male,149.96.171.114
565,Russell,Lansdale,rlansdalefo@nasa.gov,Male,141.89.130.61
566,Marshal,Hollington,mhollingtonfp@blogs.com,Male,174.123.92.178
567,Kermit,Quantick,kquantickfq@gmpg.org,Male,62.220.177.186
568,Betteann,Leggitt,bleggittfr@dagondesign.com,Female,211.136.156.168
569,Carson,Philippson,cphilippsonfs@vk.com,Male,205.37.208.125
570,Berti,Petroff,bpetroffft@cdc.gov,Female,149.75.196.97
571,Margie,Shavel,mshavelfu@accuweather.com,Female,39.153.31.48
572,Vale,Mourge,vmourgefv@ucoz.ru,Male,139.222.236.231
573,Viole,Cucinotta,vcucinottafw@springer.com,Female,203.252.145.73
574,Em,Scorer,escorerfx@cargocollective.com,Male,78.126.173.184
575,Antone,Risby,arisbyfy@walmart.com,Male,25.91.195.40
576,Waly,Featley,wfeatleyfz@netscape.com,Female,133.53.130.253
577,Darleen,Plumbley,dplumbleyg0@amazon.co.jp,Female,157.191.87.24
578,Donetta,Mechem,dmechemg1@java.com,Non-binary,225.223.183.165
579,Delmor,Dyhouse,ddyhouseg2@webmd.com,Male,23.74.48.186
580,Ceciley,Askell,caskellg3@paginegialle.it,Female,159.81.176.30
581,Cornie,Malyan,cmalyang4@is.gd,Male,100.248.138.59
582,Sergei,Tift,stiftg5@cbsnews.com,Male,26.111.20.229
583,Jolyn,Piffe,jpiffeg6@1688.com,Polygender,215.11.187.87
584,Allyson,Gianasi,agianasig7@odnoklassniki.ru,Female,54.102.42.55
585,Henriette,Cars,hcarsg8@mediafire.com,Female,143.208.171.234
586,Jeremy,Clibbery,jclibberyg9@domainmarket.com,Male,23.200.64.62
587,Evonne,Vauls,evaulsga@myspace.com,Female,113.241.220.15
588,Scarlett,Guilayn,sguilayngb@netscape.com,Female,230.131.254.193
589,Felicdad,Copnell,fcopnellgc@ibm.com,Female,179.172.33.242
590,Way,Farrears,wfarrearsgd@chronoengine.com,Male,24.250.248.77
591,Florian,Bulford,fbulfordge@yellowbook.com,Male,21.51.250.89
592,Anastasie,Zannotti,azannottigf@comcast.net,Female,239.219.2.44
593,Pru,Snowden,psnowdengg@usda.gov,Female,178.163.15.19
594,Elyse,Eddington,eeddingtongh@irs.gov,Female,196.252.150.221
595,Maxie,Ponder,mpondergi@ucoz.com,Male,150.217.183.83
596,Elfrieda,Went,ewentgj@dedecms.com,Female,51.147.242.130
597,Mariele,Sutherland,msutherlandgk@ed.gov,Female,85.60.223.212
598,Kitti,Cloney,kcloneygl@wsj.com,Female,50.83.223.17
599,Trula,Swatheridge,tswatheridgegm@virginia.edu,Female,59.209.60.47
600,Yorgos,Benbow,ybenbowgn@people.com.cn,Male,131.146.99.135
601,Lauralee,Silson,lsilsongo@wiley.com,Genderfluid,223.40.148.154
602,Marji,Scanes,mscanesgp@hubpages.com,Female,205.148.28.163
603,Danielle,Birtchnell,dbirtchnellgq@samsung.com,Female,149.94.241.127
604,Nico,Addekin,naddekingr@psu.edu,Male,15.124.89.232
605,Ebony,Becker,ebeckergs@google.com.au,Female,193.75.95.173
606,Lainey,Gisburn,lgisburngt@t-online.de,Female,33.106.70.197
607,Mela,Behnecke,mbehneckegu@xinhuanet.com,Female,153.22.206.251
608,Eda,Vescovo,evescovogv@apache.org,Female,233.112.47.188
609,Tomkin,Kordt,tkordtgw@yale.edu,Male,187.61.143.142
610,Alisander,Casford,acasfordgx@skyrock.com,Male,172.233.147.109
611,Sumner,Belfit,sbelfitgy@mac.com,Male,71.78.240.38
612,Horacio,Dammarell,hdammarellgz@time.com,Male,142.174.190.63
613,Dene,Conlon,dconlonh0@timesonline.co.uk,Male,15.81.123.132
614,Raff,Malicki,rmalickih1@miibeian.gov.cn,Agender,103.124.186.97
615,Kerstin,Buddle,kbuddleh2@paginegialle.it,Female,47.77.213.189
616,Kurt,Aucock,kaucockh3@tinypic.com,Male,166.111.189.57
617,Brion,Dewdeny,bdewdenyh4@ed.gov,Male,16.209.93.126
618,Brigg,Spenclay,bspenclayh5@baidu.com,Male,103.101.54.117
619,Jolie,Prichard,jprichardh6@nifty.com,Female,229.111.179.112
620,Hector,Slym,hslymh7@imageshack.us,Non-binary,110.152.36.176
621,Aluin,MacRory,amacroryh8@alibaba.com,Male,136.248.128.126
622,Noble,Island,nislandh9@wufoo.com,Male,31.142.220.185
623,Charmine,Brunon,cbrunonha@telegraph.co.uk,Female,124.166.147.49
624,Onfroi,Navarijo,onavarijohb@hubpages.com,Genderqueer,15.111.154.163
625,Glenden,Gollard,ggollardhc@cargocollective.com,Male,131.89.128.191
626,Myca,Peres,mpereshd@usa.gov,Agender,72.75.0.47
627,Cy,Slay,cslayhe@slashdot.org,Genderqueer,126.54.171.196
628,Ginni,Witton,gwittonhf@technorati.com,Female,243.34.229.214
629,Ardelia,Downing,adowninghg@tamu.edu,Female,209.245.66.156
630,Audre,Boays,aboayshh@archive.org,Female,160.8.166.98
631,Aube,Cordsen,acordsenhi@naver.com,Male,159.238.26.139
632,Michale,Hoyland,mhoylandhj@vk.com,Male,16.26.131.158
633,Holmes,Kubat,hkubathk@last.fm,Male,242.1.129.160
634,Bette,Scurlock,bscurlockhl@mit.edu,Female,41.28.145.95
635,Bartholomeus,Lowdeane,blowdeanehm@google.com.hk,Polygender,138.192.85.55
636,Jacklin,Le Breton,jlebretonhn@cpanel.net,Female,135.204.57.156
637,Debera,Crepel,dcrepelho@php.net,Female,14.138.152.162
638,Allard,Kilbee,akilbeehp@newsvine.com,Male,140.147.87.120
639,Goldina,Wainwright,gwainwrighthq@washington.edu,Female,66.17.217.234
640,Elwyn,Mitchiner,emitchinerhr@hc360.com,Male,11.142.9.32
641,Ree,Antony,rantonyhs@amazon.co.jp,Non-binary,15.67.12.211
642,Allister,Puller,apullerht@xing.com,Male,214.69.144.130
643,Whit,Hollyer,whollyerhu@drupal.org,Male,210.1.69.35
644,Nert,Kendle,nkendlehv@imageshack.us,Female,74.11.219.64
645,Magdalena,Cuel,mcuelhw@toplist.cz,Female,82.128.146.145
646,Jeffie,Forbes,jforbeshx@twitpic.com,Male,81.117.146.135
647,Germana,Fenn,gfennhy@dailymotion.com,Female,40.10.48.76
648,Erie,Aisbett,eaisbetthz@bandcamp.com,Male,235.126.156.229
649,Spence,Duling,sdulingi0@mediafire.com,Male,133.220.239.22
650,Matilde,Maynell,mmaynelli1@blogtalkradio.com,Female,14.246.107.181
651,Sheri,Chesser,schesseri2@census.gov,Female,219.35.105.23
652,Bartolomeo,Hanwright,bhanwrighti3@smh.com.au,Male,104.230.237.227
653,Maurizio,Mullenger,mmullengeri4@sina.com.cn,Genderqueer,126.95.246.186
654,Fielding,Stewartson,fstewartsoni5@epa.gov,Male,2.40.28.124
655,Denys,Weedon,dweedoni6@army.mil,Male,127.32.191.110
656,Leese,Olyff,lolyffi7@hexun.com,Female,171.105.14.104
657,Kristofer,Slaughter,kslaughteri8@google.co.jp,Male,98.236.112.135
658,Damara,Bellard,dbellardi9@si.edu,Female,131.1.71.63
659,Dawn,Blaxlande,dblaxlandeia@psu.edu,Agender,186.159.132.67
660,Claudetta,Livesley,clivesleyib@intel.com,Bigender,69.25.83.25
661,Gabriello,Campion,gcampionic@storify.com,Male,8.16.236.206
662,Kevyn,Linguard,klinguardid@zdnet.com,Female,101.151.246.14
663,Dew,Guerrero,dguerreroie@vkontakte.ru,Male,192.35.173.237
664,Percy,Sidnell,psidnellif@harvard.edu,Male,18.193.75.250
665,Tobye,Mumbray,tmumbrayig@bloglines.com,Female,138.139.82.132
666,Carlye,Southwick,csouthwickih@ihg.com,Female,227.111.8.46
667,Rochester,Loveridge,rloveridgeii@ucsd.edu,Male,95.204.67.237
668,Marlo,O'Howbane,mohowbaneij@cbslocal.com,Female,224.136.219.186
669,Cornelle,Ventum,cventumik@abc.net.au,Genderfluid,177.250.71.92
670,Hunt,Dachey,hdacheyil@cisco.com,Male,114.72.206.88
671,Aldus,Legister,alegisterim@mapquest.com,Male,181.204.40.169
672,Eimile,Ridhole,eridholein@themeforest.net,Female,183.93.67.98
673,Hughie,Labrone,hlabroneio@howstuffworks.com,Male,66.137.229.33
674,Odell,Natte,onatteip@google.com.br,Male,213.94.17.129
675,Katherina,Cornewall,kcornewalliq@webnode.com,Female,249.4.133.84
676,Moses,Christol,mchristolir@wp.com,Genderqueer,234.225.246.186
677,Marilee,Covotto,mcovottois@mozilla.org,Female,0.104.169.39
678,Lynea,Marini,lmariniit@imdb.com,Female,239.75.237.83
679,Chrotoem,Farrear,cfarreariu@cornell.edu,Male,6.1.175.250
680,Pierson,Labrum,plabrumiv@statcounter.com,Male,2.249.70.63
681,Colman,Ten Broek,ctenbroekiw@mashable.com,Male,248.51.0.213
682,Matthias,Alaway,malawayix@yandex.ru,Male,170.133.236.75
683,Carri,Crawforth,ccrawforthiy@prlog.org,Female,4.123.221.64
684,Nadean,Dimitresco,ndimitrescoiz@barnesandnoble.com,Female,212.96.177.147
685,Rodrigo,Narbett,rnarbettj0@yolasite.com,Male,250.176.19.215
686,Ed,MacBarron,emacbarronj1@oaic.gov.au,Male,213.235.90.64
687,Lonnie,Delafoy,ldelafoyj2@ed.gov,Male,180.228.176.85
688,Gavan,Caras,gcarasj3@ed.gov,Male,19.120.19.132
689,Rocky,MacNeilly,rmacneillyj4@ca.gov,Male,71.75.84.162
690,Janot,Champain,jchampainj5@reuters.com,Female,233.10.242.180
691,Lindsy,Rodell,lrodellj6@printfriendly.com,Female,53.124.5.231
692,Rozamond,Peirazzi,rpeirazzij7@1und1.de,Female,79.86.237.214
693,Shanan,MacCague,smaccaguej8@wunderground.com,Male,215.117.10.50
694,Barret,Kidd,bkiddj9@tamu.edu,Bigender,169.172.151.173
695,Kittie,Crampton,kcramptonja@artisteer.com,Female,13.13.169.53
696,Irene,Crocetto,icrocettojb@e-recht24.de,Female,29.147.158.175
697,Granville,Matitiaho,gmatitiahojc@rakuten.co.jp,Male,82.72.236.140
698,Tracy,Uren,turenjd@unc.edu,Agender,104.168.74.202
699,Diana,Warman,dwarmanje@paginegialle.it,Female,244.94.28.125
700,Lorine,Comi,lcomijf@pen.io,Female,176.223.124.247
701,Bran,Sarfat,bsarfatjg@ehow.com,Male,68.97.193.92
702,Melony,Figure,mfigurejh@timesonline.co.uk,Female,118.64.209.167
703,Trixie,Landsbury,tlandsburyji@google.de,Female,191.26.54.74
704,Kenneth,Curthoys,kcurthoysjj@reverbnation.com,Male,195.154.87.39
705,Davon,Hankins,dhankinsjk@icio.us,Male,163.96.121.112
706,Tobiah,Dack,tdackjl@woothemes.com,Male,135.29.10.110
707,Allene,Quenby,aquenbyjm@theatlantic.com,Female,29.112.57.83
708,Christean,Warlawe,cwarlawejn@plala.or.jp,Bigender,239.228.209.220
709,Eryn,De Gregario,edegregariojo@theglobeandmail.com,Female,194.62.14.46
710,Kalil,Willden,kwilldenjp@umn.edu,Male,104.112.255.192
711,Vince,Philcock,vphilcockjq@pbs.org,Male,87.9.81.146
712,Mellisa,Scarlett,mscarlettjr@mozilla.org,Female,16.134.47.32
713,Margi,Hosby,mhosbyjs@smh.com.au,Female,45.46.39.151
714,Saw,Ghiriardelli,sghiriardellijt@ucla.edu,Polygender,79.7.145.39
715,Gan,Mensler,gmenslerju@statcounter.com,Male,60.253.241.197
716,Taylor,Cawthron,tcawthronjv@studiopress.com,Male,143.142.156.193
717,Janek,Conlaund,jconlaundjw@ucoz.com,Male,134.24.52.199
718,Henrik,Inwood,hinwoodjx@loc.gov,Polygender,64.50.31.76
719,Milty,Mayow,mmayowjy@webnode.com,Male,36.192.113.217
720,Brier,Deaconson,bdeaconsonjz@biglobe.ne.jp,Female,25.13.251.221
721,Josefina,Bloxsom,jbloxsomk0@squarespace.com,Polygender,7.240.65.2
722,Ebba,Bridgeman,ebridgemank1@pcworld.com,Female,90.130.128.131
723,Alameda,Rounsefell,arounsefellk2@salon.com,Female,114.20.150.12
724,Electra,Darree,edarreek3@jigsy.com,Non-binary,156.156.31.211
725,Saunders,Every,severyk4@unc.edu,Male,6.171.52.8
726,Decca,Fansy,dfansyk5@hc360.com,Male,210.46.144.85
727,Valerye,Berrill,vberrillk6@epa.gov,Female,101.48.63.149
728,Ode,Hurdis,ohurdisk7@tamu.edu,Male,11.7.169.193
729,Cherri,Gruszecki,cgruszeckik8@google.cn,Female,251.201.199.108
730,Nannette,Harrowell,nharrowellk9@ask.com,Female,43.172.56.244
731,Edy,Freeborn,efreebornka@technorati.com,Female,210.36.251.75
732,Janette,Woollin,jwoollinkb@list-manage.com,Non-binary,194.243.122.80
733,Tonya,Neill,tneillkc@smugmug.com,Female,25.58.85.46
734,Brynne,Whalley,bwhalleykd@jimdo.com,Female,55.139.14.68
735,Reeba,Stawell,rstawellke@washingtonpost.com,Female,194.54.254.19
736,Tadeas,Langthorn,tlangthornkf@mit.edu,Male,163.137.190.67
737,Frasco,Koppke,fkoppkekg@gravatar.com,Bigender,163.160.148.153
738,Nathanael,Bockin,nbockinkh@sogou.com,Male,22.237.131.163
739,Kittie,Crimes,kcrimeski@sogou.com,Female,53.56.163.220
740,Wendye,Pfleger,wpflegerkj@oracle.com,Female,39.242.239.172
741,Lenci,Agge,laggekk@alibaba.com,Non-binary,148.208.42.153
742,Frederik,Pick,fpickkl@cbc.ca,Male,70.129.155.149
743,Corty,Hynard,chynardkm@pcworld.com,Male,103.39.248.13
744,Hadrian,Storrie,hstorriekn@boston.com,Male,229.113.240.138
745,Kiersten,Broome,kbroomeko@clickbank.net,Female,147.11.51.86
746,Alvie,Leither,aleitherkp@homestead.com,Male,83.148.36.227
747,Sheffie,Stollmeyer,sstollmeyerkq@over-blog.com,Male,252.102.5.125
748,Priscella,Lansdale,plansdalekr@bravesites.com,Female,74.152.150.177
749,Alethea,Linay,alinayks@nhs.uk,Female,186.109.27.218
750,Gerome,Lightbourn,glightbournkt@51.la,Male,193.32.220.221
751,Jephthah,Gyppes,jgyppesku@spiegel.de,Male,19.97.68.193
752,Nester,Sprigin,nspriginkv@biblegateway.com,Male,209.47.62.107
753,Celesta,Malenfant,cmalenfantkw@who.int,Female,91.25.254.12
754,Harland,Cowperthwaite,hcowperthwaitekx@si.edu,Male,9.95.103.135
755,Lebbie,Rolinson,lrolinsonky@infoseek.co.jp,Female,1.0.55.165
756,Gael,Perone,gperonekz@smh.com.au,Female,186.134.130.116
757,Brigg,Katt,bkattl0@yolasite.com,Non-binary,42.191.174.106
758,Wade,Bunting,wbuntingl1@google.com.hk,Male,81.221.7.120
759,Melisandra,Comberbeach,mcomberbeachl2@ca.gov,Female,50.188.30.109
760,Torin,Swayton,tswaytonl3@samsung.com,Male,53.232.254.67
761,Kiley,Roarty,kroartyl4@ftc.gov,Female,89.1.3.16
762,Markos,Wedlake,mwedlakel5@chronoengine.com,Male,52.242.117.160
763,Aymer,Gravenor,agravenorl6@t.co,Male,45.168.246.3
764,Allsun,Rollins,arollinsl7@4shared.com,Female,197.38.166.36
765,Arne,Blazejewski,ablazejewskil8@dedecms.com,Male,165.116.73.66
766,Agna,Lumby,alumbyl9@admin.ch,Non-binary,33.47.241.3
767,Lin,Goldsberry,lgoldsberryla@dailymail.co.uk,Female,242.11.108.208
768,Bale,Bisp,bbisplb@wix.com,Male,86.209.175.166
769,Reinhold,Chant,rchantlc@wired.com,Male,239.231.82.110
770,Odie,Klosser,oklosserld@blogspot.com,Male,194.7.24.182
771,Leeland,Clemmens,lclemmensle@prnewswire.com,Male,152.87.226.230
772,Julia,Hailwood,jhailwoodlf@youtu.be,Female,40.114.204.94
773,Mavis,Stenhouse,mstenhouselg@naver.com,Female,33.161.241.185
774,Winfred,Sallowaye,wsallowayelh@telegraph.co.uk,Male,197.243.98.208
775,Lorita,Malins,lmalinsli@dell.com,Female,243.37.125.254
776,Wain,Mithan,wmithanlj@zdnet.com,Male,118.9.35.120
777,Pammie,Fishley,pfishleylk@google.nl,Female,120.2.4.187
778,Jeanie,Kendrew,jkendrewll@cbslocal.com,Female,70.137.74.189
779,Salomi,Bilbrook,sbilbrooklm@t.co,Female,26.71.88.27
780,Norbert,Nuccii,nnucciiln@t.co,Male,193.190.9.187
781,Shelba,Witchell,switchelllo@parallels.com,Female,36.121.15.81
782,Eugenio,Dominique,edominiquelp@wp.com,Male,118.230.90.55
783,Jan,Penhall,jpenhalllq@delicious.com,Male,5.195.40.220
784,Emylee,Yewdale,eyewdalelr@reddit.com,Female,174.33.19.51
785,Bunnie,O'Hartnett,bohartnettls@rakuten.co.jp,Female,126.206.64.185
786,Normand,Shann,nshannlt@xrea.com,Male,138.85.32.66
787,Bernadette,Rhodus,brhoduslu@cloudflare.com,Female,168.184.166.175
788,Mel,Embra,membralv@list-manage.com,Female,1.68.1.128
789,Simone,Cooke,scookelw@sohu.com,Male,98.125.139.224
790,Sharai,Vreiberg,svreiberglx@gov.uk,Female,108.62.161.233
791,Carmita,Steddall,csteddallly@mashable.com,Female,85.76.153.242
792,Orelia,Crapper,ocrapperlz@youtu.be,Female,241.163.180.203
793,Phylys,Getch,pgetchm0@loc.gov,Female,233.56.108.145
794,Gilberta,Kynston,gkynstonm1@who.int,Female,145.49.114.89
795,Mannie,Strank,mstrankm2@vimeo.com,Male,45.211.114.252
796,Rhianna,Filkov,rfilkovm3@goo.gl,Female,129.7.98.34
797,Jennica,Toth,jtothm4@amazon.com,Female,88.154.169.201
798,Lanita,Cristofvao,lcristofvaom5@pcworld.com,Female,233.63.193.73
799,Johna,Newing,jnewingm6@nydailynews.com,Female,26.16.52.137
800,Demetrius,Studdeard,dstuddeardm7@boston.com,Male,118.20.69.219
801,Darell,Perassi,dperassim8@bloomberg.com,Female,42.233.174.254
802,Edsel,Martygin,emartyginm9@google.pl,Male,177.128.197.179
803,Stafani,Leadbetter,sleadbetterma@histats.com,Female,21.44.106.81
804,Susann,Doak,sdoakmb@uol.com.br,Female,52.206.181.48
805,Ricca,Lathwood,rlathwoodmc@ocn.ne.jp,Agender,69.130.188.227
806,Bay,Stiles,bstilesmd@cyberchimps.com,Male,73.29.55.204
807,Amalie,McClunaghan,amcclunaghanme@qq.com,Female,207.225.66.118
808,Zorah,Cawthra,zcawthramf@xing.com,Female,40.38.185.7
809,Carla,Cubbon,ccubbonmg@google.es,Female,128.151.253.198
810,Kassie,Hunstone,khunstonemh@gmpg.org,Female,212.174.150.232
811,Adham,Greenroa,agreenroami@domainmarket.com,Male,96.211.211.168
812,Wynnie,Ponde,wpondemj@dedecms.com,Female,147.36.29.77
813,Fairfax,Boleyn,fboleynmk@purevolume.com,Male,11.18.253.145
814,Francoise,Martyn,fmartynml@hao123.com,Female,127.79.124.94
815,Diego,Downse,ddownsemm@amazon.de,Male,24.25.247.152
816,Allen,Callan,acallanmn@wunderground.com,Male,59.123.215.254
817,Roi,Swate,rswatemo@plala.or.jp,Male,250.97.134.101
818,Baxter,McGonigle,bmcgoniglemp@ameblo.jp,Male,129.186.240.163
819,Templeton,Wordington,twordingtonmq@cmu.edu,Male,45.13.30.224
820,Dorrie,Doneld,ddoneldmr@google.es,Female,93.12.141.30
821,Daveen,Middler,dmiddlerms@comsenz.com,Female,183.254.69.223
822,Tamma,Moyce,tmoycemt@jugem.jp,Female,47.167.206.137
823,Lindsey,Guitel,lguitelmu@trellian.com,Female,233.201.29.231
824,Elfie,O'Kinneally,eokinneallymv@webmd.com,Female,11.218.125.238
825,Selle,Hellyer,shellyermw@nyu.edu,Bigender,253.62.209.245
826,Rea,Dantesia,rdantesiamx@netvibes.com,Female,122.19.126.140
827,Dorisa,Crilley,dcrilleymy@delicious.com,Female,50.162.157.168
828,Grant,Sizzey,gsizzeymz@hubpages.com,Male,227.203.146.218
829,Eduard,Humphery,ehumpheryn0@meetup.com,Male,133.7.34.87
830,Ryan,Clayborn,rclaybornn1@sourceforge.net,Male,63.96.74.107
831,Louisette,Linkie,llinkien2@angelfire.com,Female,227.119.38.64
832,Sindee,Arnaudot,sarnaudotn3@newyorker.com,Female,28.17.123.248
833,Aristotle,Kivelle,akivellen4@ocn.ne.jp,Bigender,122.83.211.33
834,Wylie,Billinge,wbillingen5@google.es,Male,58.93.255.245
835,Ricky,Goldfinch,rgoldfinchn6@sciencedirect.com,Genderfluid,86.190.234.100
836,Darcee,Stelfax,dstelfaxn7@telegraph.co.uk,Female,33.234.89.170
837,Stevena,Brammar,sbrammarn8@nasa.gov,Female,93.0.231.28
838,Chauncey,Cleaton,ccleatonn9@macromedia.com,Male,249.121.252.91
839,Brynna,Willetts,bwillettsna@howstuffworks.com,Genderqueer,235.218.14.198
840,Arin,Keitley,akeitleynb@vk.com,Male,10.113.203.114
841,Kizzee,Hudson,khudsonnc@mit.edu,Female,131.64.0.207
842,Daren,Moores,dmooresnd@theguardian.com,Male,66.60.185.147
843,Jesse,Schwerin,jschwerinne@weibo.com,Female,41.240.182.222
844,Lorne,Simonassi,lsimonassinf@amazonaws.com,Female,169.198.163.162
845,Thalia,Tobin,ttobinng@ucsd.edu,Genderqueer,211.229.102.35
846,Kippy,Fanshawe,kfanshawenh@berkeley.edu,Genderfluid,205.89.187.214
847,Hendrik,Kaiser,hkaiserni@chicagotribune.com,Male,3.167.243.213
848,Henka,Domegan,hdomegannj@usgs.gov,Female,80.196.43.22
849,Ashlin,Venard,avenardnk@vinaora.com,Male,181.212.197.77
850,Ruy,Lancashire,rlancashirenl@xrea.com,Male,227.67.90.156
851,Claire,Vynall,cvynallnm@github.com,Female,149.239.104.160
852,Ker,Dysart,kdysartnn@forbes.com,Male,117.141.249.33
853,Pedro,Paradin,pparadinno@sakura.ne.jp,Male,123.123.138.202
854,Angelina,Lichfield,alichfieldnp@senate.gov,Female,78.245.13.1
855,Jordanna,Sertin,jsertinnq@cdbaby.com,Female,62.194.169.255
856,Ola,Bang,obangnr@webeden.co.uk,Female,11.227.174.74
857,Sergeant,Flecknoe,sflecknoens@google.ca,Male,215.100.150.231
858,Bourke,Twinberrow,btwinberrownt@engadget.com,Male,215.35.127.173
859,Arnold,Hattigan,ahattigannu@google.co.jp,Male,27.183.225.74
860,Bryna,Wigfield,bwigfieldnv@upenn.edu,Female,73.146.144.39
861,Ree,Cristea,rcristeanw@disqus.com,Female,222.203.216.135
862,Verge,Kirsop,vkirsopnx@sfgate.com,Male,139.237.88.97
863,Becka,Aaronsohn,baaronsohnny@miitbeian.gov.cn,Female,105.97.63.64
864,Ferdinande,Hellings,fhellingsnz@sbwire.com,Female,127.154.28.101
865,Maxwell,Garrison,mgarrisono0@4shared.com,Male,230.56.111.52
866,Nettie,Arpin,narpino1@globo.com,Female,30.28.236.167
867,Shelia,Crickmore,scrickmoreo2@baidu.com,Non-binary,13.169.128.141
868,Jenelle,Poff,jpoffo3@livejournal.com,Female,223.61.170.170
869,Trevor,Birbeck,tbirbecko4@wired.com,Male,209.27.28.91
870,Chuck,Warrior,cwarrioro5@blogtalkradio.com,Polygender,71.91.26.105
871,Waylen,Coolson,wcoolsono6@globo.com,Male,56.202.49.178
872,Isak,Leeuwerink,ileeuwerinko7@telegraph.co.uk,Non-binary,164.21.37.37
873,Collette,Gilcrist,cgilcristo8@tripod.com,Female,48.64.113.226
874,Cindi,Piggen,cpiggeno9@wsj.com,Female,97.226.211.200
875,Jackie,Soames,jsoamesoa@cyberchimps.com,Male,229.199.153.96
876,Ricki,Ainsby,rainsbyob@github.io,Agender,230.77.147.36
877,Jo ann,Pead,jpeadoc@pen.io,Female,34.138.87.30
878,Oberon,Bricknall,obricknallod@ehow.com,Male,215.36.57.100
879,Bernardina,De Zuani,bdezuanioe@usa.gov,Female,57.148.143.231
880,Ozzie,Southgate,osouthgateof@uiuc.edu,Male,243.85.215.18
881,Nestor,Trustrie,ntrustrieog@nih.gov,Male,20.72.216.126
882,Cornell,Abden,cabdenoh@patch.com,Male,138.62.187.75
883,Adella,Stoeck,astoeckoi@hibu.com,Female,247.91.250.117
884,Merilyn,Poole,mpooleoj@woothemes.com,Genderqueer,145.113.135.231
885,Kennie,Renneke,krennekeok@amazon.de,Male,191.85.233.191
886,Joey,Burnet,jburnetol@google.com.au,Male,54.186.171.94
887,Carey,Beddall,cbeddallom@hp.com,Male,3.168.235.212
888,Nara,Ginn,nginnon@usgs.gov,Female,92.207.102.74
889,Ange,Anstead,aansteadoo@cdc.gov,Male,28.248.30.33
890,Arlana,Patten,apattenop@wix.com,Genderfluid,203.163.232.89
891,Dulcie,Elliss,dellissoq@sina.com.cn,Female,241.114.230.137
892,Meredith,MacDearmid,mmacdearmidor@booking.com,Male,75.159.216.202
893,Fred,Delahunt,fdelahuntos@nationalgeographic.com,Female,234.186.87.221
894,Beverie,Spendley,bspendleyot@ftc.gov,Female,230.66.163.25
895,Rolf,Morde,rmordeou@shop-pro.jp,Male,131.10.197.167
896,Timmi,Goodanew,tgoodanewov@amazon.com,Female,78.46.80.1
897,Seth,Gumary,sgumaryow@joomla.org,Male,143.234.171.41
898,Randie,Joanaud,rjoanaudox@uiuc.edu,Male,156.122.249.125
899,Jens,Dudmarsh,jdudmarshoy@paypal.com,Male,99.168.31.144
900,Clement,Mutch,cmutchoz@cnn.com,Male,225.2.201.70
901,Nanni,Elward,nelwardp0@blogtalkradio.com,Female,149.0.176.43
902,Aguistin,Stiebler,astieblerp1@nature.com,Male,161.163.41.101
903,Tamarah,Gatehouse,tgatehousep2@cargocollective.com,Female,115.33.138.191
904,Theo,Batchelar,tbatchelarp3@weibo.com,Male,253.170.136.187
905,Lindsay,Hyett,lhyettp4@delicious.com,Male,194.213.210.202
906,Tani,Douberday,tdouberdayp5@msu.edu,Female,185.65.135.66
907,Kathrine,Style,kstylep6@behance.net,Female,215.75.55.197
908,Barnabe,Oldfield,boldfieldp7@alexa.com,Male,103.21.236.204
909,Doralia,Chatain,dchatainp8@squarespace.com,Non-binary,236.148.161.165
910,Uriel,Sackur,usackurp9@noaa.gov,Male,95.151.231.93
911,Garey,Chaffey,gchaffeypa@dot.gov,Male,241.6.94.94
912,Martin,Chew,mchewpb@reference.com,Male,61.231.222.140
913,Rhett,Despenser,rdespenserpc@forbes.com,Male,92.187.98.235
914,Klara,Croxall,kcroxallpd@hp.com,Genderqueer,186.92.193.218
915,Ruggiero,Matuska,rmatuskape@addthis.com,Male,148.227.87.253
916,Melba,Ducrow,mducrowpf@un.org,Agender,150.44.190.107
917,Sansone,Ashdown,sashdownpg@state.tx.us,Male,4.17.184.85
918,Rafaellle,D'Adda,rdaddaph@illinois.edu,Male,21.161.5.78
919,Celisse,Nurse,cnursepi@howstuffworks.com,Genderqueer,57.27.12.221
920,Karolina,Callf,kcallfpj@cbc.ca,Female,19.91.151.158
921,Patricia,McIlwreath,pmcilwreathpk@vinaora.com,Female,131.31.44.144
922,Larissa,Dalling,ldallingpl@ameblo.jp,Female,105.17.191.29
923,Gabie,Antonsson,gantonssonpm@cbslocal.com,Female,86.55.226.68
924,Hobard,Brik,hbrikpn@nhs.uk,Male,190.4.173.239
925,Kathryne,Navarijo,knavarijopo@a8.net,Female,61.35.31.236
926,Raddy,Truin,rtruinpp@yandex.ru,Non-binary,137.160.18.148
927,Karlan,Mahood,kmahoodpq@webmd.com,Male,216.103.15.117
928,Gennie,Spadeck,gspadeckpr@businessweek.com,Female,74.109.11.110
929,Orson,Gavozzi,ogavozzips@sourceforge.net,Male,64.183.128.184
930,Sashenka,Calf,scalfpt@barnesandnoble.com,Female,84.29.178.195
931,Jamal,Frodsham,jfrodshampu@harvard.edu,Male,139.24.157.181
932,Nowell,Westmarland,nwestmarlandpv@nhs.uk,Male,69.25.63.187
933,Jacqueline,Barkes,jbarkespw@live.com,Female,3.230.36.148
934,Rennie,Tick,rtickpx@abc.net.au,Female,231.218.207.99
935,Bealle,McCloughlin,bmccloughlinpy@tripadvisor.com,Genderfluid,190.250.162.25
936,Prent,Monkton,pmonktonpz@harvard.edu,Male,252.44.152.225
937,Page,Pacher,ppacherq0@biglobe.ne.jp,Female,160.7.207.1
938,Bucky,Sima,bsimaq1@wired.com,Male,82.225.129.47
939,Siouxie,Blanque,sblanqueq2@dion.ne.jp,Female,103.248.17.74
940,Tami,Loverock,tloverockq3@prweb.com,Female,96.246.199.166
941,Dan,Sizey,dsizeyq4@google.ru,Male,239.96.169.57
942,Sidonnie,Poulett,spoulettq5@disqus.com,Female,87.121.59.198
943,Rosalinda,Hassey,rhasseyq6@hud.gov,Female,237.112.118.111
944,Farica,Trotton,ftrottonq7@netvibes.com,Female,210.154.106.57
945,Somerset,Macura,smacuraq8@wikispaces.com,Male,75.110.68.219
946,Kara,Churchill,kchurchillq9@hexun.com,Female,93.27.86.86
947,Hobart,Pfaffel,hpfaffelqa@java.com,Male,6.242.182.168
948,Jobi,Bread,jbreadqb@squarespace.com,Female,9.183.103.243
949,Kelly,O'Noland,konolandqc@slideshare.net,Male,56.142.46.204
950,Moses,Hiley,mhileyqd@vinaora.com,Male,137.220.123.101
951,Otis,Foord,ofoordqe@mashable.com,Male,170.127.73.202
952,Carol-jean,Bittany,cbittanyqf@prnewswire.com,Female,185.85.137.97
953,Eddy,Suggey,esuggeyqg@symantec.com,Female,137.186.241.92
954,Akim,Miche,amicheqh@macromedia.com,Male,44.216.97.199
955,Mignon,Rosengarten,mrosengartenqi@posterous.com,Female,105.18.253.123
956,Gustavo,Voas,gvoasqj@vimeo.com,Male,123.162.147.93
957,Gladys,Mufford,gmuffordqk@ezinearticles.com,Female,71.134.49.24
958,Hallsy,Leddy,hleddyql@mozilla.org,Male,216.155.198.191
959,Harrison,Christall,hchristallqm@sina.com.cn,Male,137.188.122.40
960,Wallis,Larchiere,wlarchiereqn@jalbum.net,Female,115.117.133.44
961,Cass,Rauprich,crauprichqo@nationalgeographic.com,Non-binary,169.131.62.108
962,Pren,Clewlowe,pclewloweqp@hostgator.com,Male,156.46.16.27
963,Casandra,Doniso,cdonisoqq@economist.com,Female,73.227.249.128
964,Beltran,Vuitte,bvuitteqr@sogou.com,Male,110.38.145.229
965,Mendy,Ruspine,mruspineqs@usgs.gov,Non-binary,12.45.4.16
966,Cletis,Wilmington,cwilmingtonqt@cnet.com,Male,215.69.63.177
967,Meredith,Hasty,mhastyqu@tripadvisor.com,Female,128.84.152.124
968,Kay,Torel,ktorelqv@ovh.net,Female,241.255.201.138
969,Faye,Hardware,fhardwareqw@indiatimes.com,Female,142.167.77.81
970,Marcellina,Lewsley,mlewsleyqx@infoseek.co.jp,Female,83.28.26.208
971,Ethelyn,Monnoyer,emonnoyerqy@mtv.com,Female,82.151.173.164
972,Moritz,Dellenbrok,mdellenbrokqz@netvibes.com,Male,247.188.180.251
973,Aubrey,Parzis,aparzisr0@si.edu,Genderfluid,219.123.36.6
974,Deck,Burdas,dburdasr1@shutterfly.com,Male,72.100.72.5
975,Cleve,Tows,ctowsr2@opera.com,Male,185.116.74.18
976,Tova,Clyma,tclymar3@berkeley.edu,Female,64.13.171.167
977,Ferdinanda,Iorio,fiorior4@plala.or.jp,Female,114.86.253.0
978,Kris,Haycroft,khaycroftr5@webs.com,Male,3.215.245.53
979,Robbin,Duchart,rduchartr6@over-blog.com,Polygender,237.163.99.62
980,Kristian,Baulk,kbaulkr7@digg.com,Bigender,160.9.115.117
981,Tessie,Prime,tprimer8@furl.net,Genderqueer,220.255.201.93
982,Gilli,Milmore,gmilmorer9@tripadvisor.com,Female,228.115.171.76
983,Vidovik,Kenneford,vkennefordra@php.net,Male,123.171.105.165
984,Wilbur,Demead,wdemeadrb@disqus.com,Male,73.26.82.51
985,Alfonso,Touson,atousonrc@wordpress.org,Male,153.66.158.1
986,Ulla,Ox,uoxrd@shareasale.com,Female,109.55.158.71
987,Nicolea,Gowers,ngowersre@miitbeian.gov.cn,Female,115.142.109.11
988,Shepperd,Battelle,sbattellerf@liveinternet.ru,Male,224.166.222.193
989,Audre,Neggrini,aneggrinirg@nationalgeographic.com,Female,192.93.5.85
990,Lorelle,Rosettini,lrosettinirh@senate.gov,Female,34.203.190.63
991,Stavros,Messruther,smessrutherri@over-blog.com,Male,85.77.28.10
992,Arney,Pappi,apappirj@smh.com.au,Male,241.252.43.119
993,Geoff,Threlkeld,gthrelkeldrk@xinhuanet.com,Male,122.170.119.81
994,Ruperto,Samwaye,rsamwayerl@bloomberg.com,Male,246.67.136.241
995,Hamilton,Jumonet,hjumonetrm@dagondesign.com,Male,118.209.237.251
996,Eleonora,Cholerton,echolertonrn@miitbeian.gov.cn,Female,210.168.152.5
997,Frannie,Friel,ffrielro@ihg.com,Male,37.85.181.8
998,Miner,Heffron,mheffronrp@amazon.co.uk,Male,13.251.24.63
999,Nita,Lenden,nlendenrq@hatena.ne.jp,Female,53.197.202.56
1000,Cullan,McAtamney,cmcatamneyrr@bloglovin.com,Male,140.25.65.57
